Feature,Importance
Torque [Nm],0.3238412320199252
Rotational speed [rpm],0.2768313805965083
Tool wear [min],0.20998026529726094
Air temperature [K],0.09654415278226515
Process temperature [K],0.06460855174179798
Type,0.028194417562242502
